{"_last_updated":"Wed, 13 Feb 2019 10:42:00 +0000","ID":"CF5a457e3824f90","cf_version":"1.7.6","name":"principal","scroll_top":0,"success":"O formul\u00e1rio foi enviado com sucesso. Obrigado.\t\t\t\t\t\t\t\t\t\t\t\t\t\t\t\t\t\t\t\t\t","db_support":1,"pinned":0,"hide_form":1,"avatar_field":"","form_ajax":1,"custom_callback":"","layout_grid":{"fields":{"fld_8768091":"1:1","fld_6009157":"1:2","fld_7683514":"2:1","fld_7908577":"3:1"},"structure":"4:8|12|12"},"fields":{"fld_8768091":{"ID":"fld_8768091","type":"text","label":"Nome","hide_label":1,"slug":"first_name","conditions":{"type":""},"required":1,"caption":"","config":{"custom_class":"","placeholder":"Nome","default":"","type_override":"text","mask":"","email_identifier":0,"personally_identifying":0}},"fld_6009157":{"ID":"fld_6009157","type":"email","label":"Endere\u00e7o de Email","hide_label":1,"slug":"email_address","conditions":{"type":""},"required":1,"caption":"","config":{"custom_class":"","placeholder":"E-mail","default":"","email_identifier":0,"personally_identifying":0}},"fld_7683514":{"ID":"fld_7683514","type":"paragraph","label":"Mensagem","hide_label":1,"slug":"comments_questions","conditions":{"type":""},"required":1,"caption":"","config":{"custom_class":"","placeholder":"Mensagem","rows":6,"default":"","email_identifier":0,"personally_identifying":0}},"fld_7908577":{"ID":"fld_7908577","type":"button","label":"Enviar Mensagem","slug":"submit","conditions":{"type":""},"caption":"","config":{"custom_class":"center","type":"submit","class":"btn btn-default","target":""}}},"page_names":["Page 1"],"mailer":{"on_insert":1,"sender_name":"Notifica\u00e7\u00e3o de Caldera Forms","sender_email":"wordpress@seusite.com","reply_to":"wordpress@seusite.com","email_type":"html","recipients":"seuemail@seuprovedor.com","bcc_to":"","email_subject":"E-mail Wordpress","email_message":"{summary}"},"check_honey":1,"antispam":{"sender_name":"","sender_email":""},"conditional_groups":{"conditions":{"con_554825018599945":{"id":"con_554825018599945","name":"teste","type":""}}},"variables":{"keys":[""],"values":[""],"types":["static"]},"settings":{"responsive":{"break_point":"sm"}},"privacy_exporter_enabled":false,"version":"1.7.6","db_id":"3","type":"primary"}